{
  "accuracy": 0.7951807228915663,
  "precision": 0.0,
  "recall": 0.0,
  "f1_score": 0.0,
  "auc": 0.7566844919786097,
  "log_loss": 0.4361324675061398
}